timeid,DateTime,year,month,day,hour,minute
0,2017-01-11T00:00,2017,1,11,0,0
1,2017-01-11T00:03,2017,1,11,0,3
2,2017-01-11T00:02,2017,1,11,0,2
3,2017-01-11T00:04,2017,1,11,0,4
4,2017-01-11T00:05,2017,1,11,0,5
5,2017-01-11T00:11,2017,1,11,0,11
6,2017-01-11T00:09,2017,1,11,0,9
7,2017-01-11T00:13,2017,1,11,0,13
8,2017-01-11T00:12,2017,1,11,0,12
9,2017-01-11T00:16,2017,1,11,0,16
10,2017-01-11T00:19,2017,1,11,0,19
11,2017-01-11T00:18,2017,1,11,0,18
12,2017-01-11T00:20,2017,1,11,0,20
13,2017-01-11T00:23,2017,1,11,0,23
14,2017-01-11T00:22,2017,1,11,0,22
15,2017-01-11T00:28,2017,1,11,0,28
16,2017-01-11T00:27,2017,1,11,0,27
17,2017-01-11T00:06,2017,1,11,0,6
18,2017-01-11T00:14,2017,1,11,0,14
19,2017-01-11T00:17,2017,1,11,0,17
20,2017-01-11T00:26,2017,1,11,0,26
21,2017-01-11T00:24,2017,1,11,0,24
22,2017-01-11T00:01,2017,1,11,0,1
23,2017-01-11T00:10,2017,1,11,0,10
24,2017-01-11T00:15,2017,1,11,0,15
25,2017-01-11T00:21,2017,1,11,0,21
26,2017-01-11T00:25,2017,1,11,0,25
27,2017-01-11T00:29,2017,1,11,0,29
28,2017-01-11T00:07,2017,1,11,0,7
29,2017-01-11T00:08,2017,1,11,0,8
30,2017-01-11T00:30,2017,1,11,0,30
31,2017-01-11T00:32,2017,1,11,0,32
32,2017-01-11T00:33,2017,1,11,0,33
33,2017-01-11T00:36,2017,1,11,0,36
34,2017-01-11T00:37,2017,1,11,0,37
35,2017-01-11T00:38,2017,1,11,0,38
36,2017-01-11T00:39,2017,1,11,0,39
37,2017-01-11T00:43,2017,1,11,0,43
38,2017-01-11T00:42,2017,1,11,0,42
39,2017-01-11T00:47,2017,1,11,0,47
40,2017-01-11T00:49,2017,1,11,0,49
41,2017-01-11T00:50,2017,1,11,0,50
42,2017-01-11T00:51,2017,1,11,0,51
43,2017-01-11T00:53,2017,1,11,0,53
44,2017-01-11T00:56,2017,1,11,0,56
45,2017-01-11T00:55,2017,1,11,0,55
46,2017-01-11T00:57,2017,1,11,0,57
47,2017-01-11T00:31,2017,1,11,0,31
48,2017-01-11T00:34,2017,1,11,0,34
49,2017-01-11T00:41,2017,1,11,0,41
50,2017-01-11T00:40,2017,1,11,0,40
51,2017-01-11T00:44,2017,1,11,0,44
52,2017-01-11T00:45,2017,1,11,0,45
53,2017-01-11T00:48,2017,1,11,0,48
54,2017-01-11T00:54,2017,1,11,0,54
55,2017-01-11T00:58,2017,1,11,0,58
56,2017-01-11T00:35,2017,1,11,0,35
57,2017-01-11T00:46,2017,1,11,0,46
58,2017-01-11T00:52,2017,1,11,0,52
59,2017-01-11T00:59,2017,1,11,0,59
60,2017-01-11T01:01,2017,1,11,1,1
61,2017-01-11T01:04,2017,1,11,1,4
62,2017-01-11T01:03,2017,1,11,1,3
63,2017-01-11T01:07,2017,1,11,1,7
64,2017-01-11T01:08,2017,1,11,1,8
65,2017-01-11T01:05,2017,1,11,1,5
66,2017-01-11T01:06,2017,1,11,1,6
67,2017-01-11T01:11,2017,1,11,1,11
68,2017-01-11T01:10,2017,1,11,1,10
69,2017-01-11T01:14,2017,1,11,1,14
70,2017-01-11T01:16,2017,1,11,1,16
71,2017-01-11T01:15,2017,1,11,1,15
72,2017-01-11T01:22,2017,1,11,1,22
73,2017-01-11T01:21,2017,1,11,1,21
74,2017-01-11T01:24,2017,1,11,1,24
75,2017-01-11T01:26,2017,1,11,1,26
76,2017-01-11T01:23,2017,1,11,1,23
77,2017-01-11T01:28,2017,1,11,1,28
78,2017-01-11T01:17,2017,1,11,1,17
79,2017-01-11T01:19,2017,1,11,1,19
80,2017-01-11T01:25,2017,1,11,1,25
81,2017-01-11T01:02,2017,1,11,1,2
82,2017-01-11T01:12,2017,1,11,1,12
83,2017-01-11T01:20,2017,1,11,1,20
84,2017-01-11T01:29,2017,1,11,1,29
85,2017-01-11T01:00,2017,1,11,1,0
86,2017-01-11T01:09,2017,1,11,1,9
87,2017-01-11T01:18,2017,1,11,1,18
88,2017-01-11T01:13,2017,1,11,1,13
89,2017-01-11T01:27,2017,1,11,1,27
90,2017-01-11T01:33,2017,1,11,1,33
91,2017-01-11T01:32,2017,1,11,1,32
92,2017-01-11T01:39,2017,1,11,1,39
93,2017-01-11T01:41,2017,1,11,1,41
94,2017-01-11T01:40,2017,1,11,1,40
95,2017-01-11T01:42,2017,1,11,1,42
96,2017-01-11T01:43,2017,1,11,1,43
97,2017-01-11T01:48,2017,1,11,1,48
98,2017-01-11T01:52,2017,1,11,1,52
99,2017-01-11T01:50,2017,1,11,1,50
100,2017-01-11T01:53,2017,1,11,1,53
101,2017-01-11T01:51,2017,1,11,1,51
102,2017-01-11T01:54,2017,1,11,1,54
103,2017-01-11T01:56,2017,1,11,1,56
104,2017-01-11T01:59,2017,1,11,1,59
105,2017-01-11T01:34,2017,1,11,1,34
106,2017-01-11T01:46,2017,1,11,1,46
107,2017-01-11T01:45,2017,1,11,1,45
108,2017-01-11T01:49,2017,1,11,1,49
109,2017-01-11T01:35,2017,1,11,1,35
110,2017-01-11T01:37,2017,1,11,1,37
111,2017-01-11T01:47,2017,1,11,1,47
112,2017-01-11T01:31,2017,1,11,1,31
113,2017-01-11T01:36,2017,1,11,1,36
114,2017-01-11T01:44,2017,1,11,1,44
115,2017-01-11T01:38,2017,1,11,1,38
116,2017-01-11T01:58,2017,1,11,1,58
117,2017-01-11T01:55,2017,1,11,1,55
118,2017-01-11T01:30,2017,1,11,1,30
119,2017-01-11T01:57,2017,1,11,1,57
120,2017-01-11T02:00,2017,1,11,2,0
121,2017-01-11T02:01,2017,1,11,2,1
122,2017-01-11T02:03,2017,1,11,2,3
123,2017-01-11T02:06,2017,1,11,2,6
124,2017-01-11T02:09,2017,1,11,2,9
125,2017-01-11T02:11,2017,1,11,2,11
126,2017-01-11T02:14,2017,1,11,2,14
127,2017-01-11T02:12,2017,1,11,2,12
128,2017-01-11T02:13,2017,1,11,2,13
129,2017-01-11T02:17,2017,1,11,2,17
130,2017-01-11T02:19,2017,1,11,2,19
131,2017-01-11T02:22,2017,1,11,2,22
132,2017-01-11T02:21,2017,1,11,2,21
133,2017-01-11T02:20,2017,1,11,2,20
134,2017-01-11T02:23,2017,1,11,2,23
135,2017-01-11T02:25,2017,1,11,2,25
136,2017-01-11T02:24,2017,1,11,2,24
137,2017-01-11T02:04,2017,1,11,2,4
138,2017-01-11T02:08,2017,1,11,2,8
139,2017-01-11T02:18,2017,1,11,2,18
140,2017-01-11T02:27,2017,1,11,2,27
141,2017-01-11T02:02,2017,1,11,2,2
142,2017-01-11T02:05,2017,1,11,2,5
143,2017-01-11T02:15,2017,1,11,2,15
144,2017-01-11T02:26,2017,1,11,2,26
145,2017-01-11T02:16,2017,1,11,2,16
146,2017-01-11T02:28,2017,1,11,2,28
147,2017-01-11T02:07,2017,1,11,2,7
148,2017-01-11T02:10,2017,1,11,2,10
149,2017-01-11T02:29,2017,1,11,2,29
150,2017-01-11T02:31,2017,1,11,2,31
151,2017-01-11T02:30,2017,1,11,2,30
152,2017-01-11T02:38,2017,1,11,2,38
153,2017-01-11T02:40,2017,1,11,2,40
154,2017-01-11T02:41,2017,1,11,2,41
155,2017-01-11T02:39,2017,1,11,2,39
156,2017-01-11T02:44,2017,1,11,2,44
157,2017-01-11T02:53,2017,1,11,2,53
158,2017-01-11T02:47,2017,1,11,2,47
159,2017-01-11T02:59,2017,1,11,2,59
160,2017-01-11T02:54,2017,1,11,2,54
161,2017-01-11T02:56,2017,1,11,2,56
162,2017-01-11T02:57,2017,1,11,2,57
163,2017-01-11T02:43,2017,1,11,2,43
164,2017-01-11T02:55,2017,1,11,2,55
165,2017-01-11T02:42,2017,1,11,2,42
166,2017-01-11T02:36,2017,1,11,2,36
167,2017-01-11T02:46,2017,1,11,2,46
168,2017-01-11T02:45,2017,1,11,2,45
169,2017-01-11T02:49,2017,1,11,2,49
170,2017-01-11T02:48,2017,1,11,2,48
171,2017-01-11T02:51,2017,1,11,2,51
172,2017-01-11T02:33,2017,1,11,2,33
173,2017-01-11T02:34,2017,1,11,2,34
174,2017-01-11T02:50,2017,1,11,2,50
175,2017-01-11T02:32,2017,1,11,2,32
176,2017-01-11T02:35,2017,1,11,2,35
177,2017-01-11T02:58,2017,1,11,2,58
178,2017-01-11T02:37,2017,1,11,2,37
179,2017-01-11T02:52,2017,1,11,2,52
180,2017-01-11T03:00,2017,1,11,3,0
181,2017-01-11T03:02,2017,1,11,3,2
182,2017-01-11T03:01,2017,1,11,3,1
183,2017-01-11T03:07,2017,1,11,3,7
184,2017-01-11T03:12,2017,1,11,3,12
185,2017-01-11T03:14,2017,1,11,3,14
186,2017-01-11T03:15,2017,1,11,3,15
187,2017-01-11T03:17,2017,1,11,3,17
188,2017-01-11T03:18,2017,1,11,3,18
189,2017-01-11T03:16,2017,1,11,3,16
190,2017-01-11T03:21,2017,1,11,3,21
191,2017-01-11T03:20,2017,1,11,3,20
192,2017-01-11T03:22,2017,1,11,3,22
193,2017-01-11T03:24,2017,1,11,3,24
194,2017-01-11T03:28,2017,1,11,3,28
195,2017-01-11T03:29,2017,1,11,3,29
196,2017-01-11T03:04,2017,1,11,3,4
197,2017-01-11T03:25,2017,1,11,3,25
198,2017-01-11T03:05,2017,1,11,3,5
199,2017-01-11T03:08,2017,1,11,3,8
200,2017-01-11T03:09,2017,1,11,3,9
201,2017-01-11T03:26,2017,1,11,3,26
202,2017-01-11T03:19,2017,1,11,3,19
203,2017-01-11T03:23,2017,1,11,3,23
204,2017-01-11T03:03,2017,1,11,3,3
205,2017-01-11T03:06,2017,1,11,3,6
206,2017-01-11T03:10,2017,1,11,3,10
207,2017-01-11T03:27,2017,1,11,3,27
208,2017-01-11T03:13,2017,1,11,3,13
209,2017-01-11T03:11,2017,1,11,3,11
210,2017-01-11T03:34,2017,1,11,3,34
211,2017-01-11T03:33,2017,1,11,3,33
212,2017-01-11T03:35,2017,1,11,3,35
213,2017-01-11T03:36,2017,1,11,3,36
214,2017-01-11T03:39,2017,1,11,3,39
215,2017-01-11T03:40,2017,1,11,3,40
216,2017-01-11T03:38,2017,1,11,3,38
217,2017-01-11T03:43,2017,1,11,3,43
218,2017-01-11T03:44,2017,1,11,3,44
219,2017-01-11T03:41,2017,1,11,3,41
220,2017-01-11T03:46,2017,1,11,3,46
221,2017-01-11T03:47,2017,1,11,3,47
222,2017-01-11T03:51,2017,1,11,3,51
223,2017-01-11T03:59,2017,1,11,3,59
224,2017-01-11T03:57,2017,1,11,3,57
225,2017-01-11T03:56,2017,1,11,3,56
226,2017-01-11T03:58,2017,1,11,3,58
227,2017-01-11T03:30,2017,1,11,3,30
228,2017-01-11T03:37,2017,1,11,3,37
229,2017-01-11T03:52,2017,1,11,3,52
230,2017-01-11T03:54,2017,1,11,3,54
231,2017-01-11T03:31,2017,1,11,3,31
232,2017-01-11T03:42,2017,1,11,3,42
233,2017-01-11T03:45,2017,1,11,3,45
234,2017-01-11T03:48,2017,1,11,3,48
235,2017-01-11T03:53,2017,1,11,3,53
236,2017-01-11T03:32,2017,1,11,3,32
237,2017-01-11T03:49,2017,1,11,3,49
238,2017-01-11T03:50,2017,1,11,3,50
239,2017-01-11T03:55,2017,1,11,3,55
240,2017-01-11T04:22,2017,1,11,4,22
241,2017-01-11T04:04,2017,1,11,4,4
242,2017-01-11T04:03,2017,1,11,4,3
243,2017-01-11T04:05,2017,1,11,4,5
244,2017-01-11T04:06,2017,1,11,4,6
245,2017-01-11T04:11,2017,1,11,4,11
246,2017-01-11T04:08,2017,1,11,4,8
247,2017-01-11T04:14,2017,1,11,4,14
248,2017-01-11T04:13,2017,1,11,4,13
249,2017-01-11T04:15,2017,1,11,4,15
250,2017-01-11T04:17,2017,1,11,4,17
251,2017-01-11T04:20,2017,1,11,4,20
252,2017-01-11T04:26,2017,1,11,4,26
253,2017-01-11T04:23,2017,1,11,4,23
254,2017-01-11T04:29,2017,1,11,4,29
255,2017-01-11T04:16,2017,1,11,4,16
256,2017-01-11T04:01,2017,1,11,4,1
257,2017-01-11T04:07,2017,1,11,4,7
258,2017-01-11T04:21,2017,1,11,4,21
259,2017-01-11T04:24,2017,1,11,4,24
260,2017-01-11T04:28,2017,1,11,4,28
261,2017-01-11T04:09,2017,1,11,4,9
262,2017-01-11T04:12,2017,1,11,4,12
263,2017-01-11T04:25,2017,1,11,4,25
264,2017-01-11T04:00,2017,1,11,4,0
265,2017-01-11T04:18,2017,1,11,4,18
266,2017-01-11T04:27,2017,1,11,4,27
267,2017-01-11T04:19,2017,1,11,4,19
268,2017-01-11T04:10,2017,1,11,4,10
269,2017-01-11T04:02,2017,1,11,4,2
270,2017-01-11T04:34,2017,1,11,4,34
271,2017-01-11T04:33,2017,1,11,4,33
272,2017-01-11T04:35,2017,1,11,4,35
273,2017-01-11T04:37,2017,1,11,4,37
274,2017-01-11T04:40,2017,1,11,4,40
275,2017-01-11T04:41,2017,1,11,4,41
276,2017-01-11T04:39,2017,1,11,4,39
277,2017-01-11T04:42,2017,1,11,4,42
278,2017-01-11T04:43,2017,1,11,4,43
279,2017-01-11T04:45,2017,1,11,4,45
280,2017-01-11T04:47,2017,1,11,4,47
281,2017-01-11T04:49,2017,1,11,4,49
282,2017-01-11T04:56,2017,1,11,4,56
283,2017-01-11T04:51,2017,1,11,4,51
284,2017-01-11T04:53,2017,1,11,4,53
285,2017-01-11T04:54,2017,1,11,4,54
286,2017-01-11T04:59,2017,1,11,4,59
287,2017-01-11T04:48,2017,1,11,4,48
288,2017-01-11T04:55,2017,1,11,4,55
289,2017-01-11T04:50,2017,1,11,4,50
290,2017-01-11T04:31,2017,1,11,4,31
291,2017-01-11T04:32,2017,1,11,4,32
292,2017-01-11T04:44,2017,1,11,4,44
293,2017-01-11T04:57,2017,1,11,4,57
294,2017-01-11T04:36,2017,1,11,4,36
295,2017-01-11T04:38,2017,1,11,4,38
296,2017-01-11T04:46,2017,1,11,4,46
297,2017-01-11T04:30,2017,1,11,4,30
298,2017-01-11T04:52,2017,1,11,4,52
299,2017-01-11T04:58,2017,1,11,4,58
300,2017-01-11T05:01,2017,1,11,5,1
301,2017-01-11T05:03,2017,1,11,5,3
302,2017-01-11T05:05,2017,1,11,5,5
303,2017-01-11T05:06,2017,1,11,5,6
304,2017-01-11T05:10,2017,1,11,5,10
305,2017-01-11T05:12,2017,1,11,5,12
306,2017-01-11T05:14,2017,1,11,5,14
307,2017-01-11T05:13,2017,1,11,5,13
308,2017-01-11T05:15,2017,1,11,5,15
309,2017-01-11T05:18,2017,1,11,5,18
310,2017-01-11T05:16,2017,1,11,5,16
311,2017-01-11T05:20,2017,1,11,5,20
312,2017-01-11T05:24,2017,1,11,5,24
313,2017-01-11T05:28,2017,1,11,5,28
314,2017-01-11T05:27,2017,1,11,5,27
315,2017-01-11T05:29,2017,1,11,5,29
316,2017-01-11T05:04,2017,1,11,5,4
317,2017-01-11T05:07,2017,1,11,5,7
318,2017-01-11T05:00,2017,1,11,5,0
319,2017-01-11T05:11,2017,1,11,5,11
320,2017-01-11T05:22,2017,1,11,5,22
321,2017-01-11T05:21,2017,1,11,5,21
322,2017-01-11T05:25,2017,1,11,5,25
323,2017-01-11T05:23,2017,1,11,5,23
324,2017-01-11T05:17,2017,1,11,5,17
325,2017-01-11T05:26,2017,1,11,5,26
326,2017-01-11T05:19,2017,1,11,5,19
327,2017-01-11T05:02,2017,1,11,5,2
328,2017-01-11T05:09,2017,1,11,5,9
329,2017-01-11T05:08,2017,1,11,5,8
330,2017-01-11T05:37,2017,1,11,5,37
331,2017-01-11T05:30,2017,1,11,5,30
332,2017-01-11T05:32,2017,1,11,5,32
333,2017-01-11T05:31,2017,1,11,5,31
334,2017-01-11T05:33,2017,1,11,5,33
335,2017-01-11T05:35,2017,1,11,5,35
336,2017-01-11T05:36,2017,1,11,5,36
337,2017-01-11T05:40,2017,1,11,5,40
338,2017-01-11T05:45,2017,1,11,5,45
339,2017-01-11T05:47,2017,1,11,5,47
340,2017-01-11T05:46,2017,1,11,5,46
341,2017-01-11T05:48,2017,1,11,5,48
342,2017-01-11T05:52,2017,1,11,5,52
343,2017-01-11T05:51,2017,1,11,5,51
344,2017-01-11T05:54,2017,1,11,5,54
345,2017-01-11T05:55,2017,1,11,5,55
346,2017-01-11T05:53,2017,1,11,5,53
347,2017-01-11T05:56,2017,1,11,5,56
348,2017-01-11T05:59,2017,1,11,5,59
349,2017-01-11T05:34,2017,1,11,5,34
350,2017-01-11T05:38,2017,1,11,5,38
351,2017-01-11T05:49,2017,1,11,5,49
352,2017-01-11T05:43,2017,1,11,5,43
353,2017-01-11T05:50,2017,1,11,5,50
354,2017-01-11T05:57,2017,1,11,5,57
355,2017-01-11T05:58,2017,1,11,5,58
356,2017-01-11T05:44,2017,1,11,5,44
357,2017-01-11T05:39,2017,1,11,5,39
358,2017-01-11T05:41,2017,1,11,5,41
359,2017-01-11T05:42,2017,1,11,5,42
360,2017-01-11T06:01,2017,1,11,6,1
361,2017-01-11T06:00,2017,1,11,6,0
362,2017-01-11T06:03,2017,1,11,6,3
363,2017-01-11T06:04,2017,1,11,6,4
364,2017-01-11T06:02,2017,1,11,6,2
365,2017-01-11T06:07,2017,1,11,6,7
366,2017-01-11T06:06,2017,1,11,6,6
367,2017-01-11T06:08,2017,1,11,6,8
368,2017-01-11T06:14,2017,1,11,6,14
369,2017-01-11T06:11,2017,1,11,6,11
370,2017-01-11T06:15,2017,1,11,6,15
371,2017-01-11T06:16,2017,1,11,6,16
372,2017-01-11T06:18,2017,1,11,6,18
373,2017-01-11T06:19,2017,1,11,6,19
374,2017-01-11T06:17,2017,1,11,6,17
375,2017-01-11T06:20,2017,1,11,6,20
376,2017-01-11T06:22,2017,1,11,6,22
377,2017-01-11T06:26,2017,1,11,6,26
378,2017-01-11T06:25,2017,1,11,6,25
379,2017-01-11T06:29,2017,1,11,6,29
380,2017-01-11T06:28,2017,1,11,6,28
381,2017-01-11T06:27,2017,1,11,6,27
382,2017-01-11T06:09,2017,1,11,6,9
383,2017-01-11T06:12,2017,1,11,6,12
384,2017-01-11T06:21,2017,1,11,6,21
385,2017-01-11T06:05,2017,1,11,6,5
386,2017-01-11T06:13,2017,1,11,6,13
387,2017-01-11T06:23,2017,1,11,6,23
388,2017-01-11T06:10,2017,1,11,6,10
389,2017-01-11T06:24,2017,1,11,6,24
390,2017-01-11T06:32,2017,1,11,6,32
391,2017-01-11T06:31,2017,1,11,6,31
392,2017-01-11T06:33,2017,1,11,6,33
393,2017-01-11T06:38,2017,1,11,6,38
394,2017-01-11T06:35,2017,1,11,6,35
395,2017-01-11T06:36,2017,1,11,6,36
396,2017-01-11T06:39,2017,1,11,6,39
397,2017-01-11T06:41,2017,1,11,6,41
398,2017-01-11T06:43,2017,1,11,6,43
399,2017-01-11T06:42,2017,1,11,6,42
400,2017-01-11T06:51,2017,1,11,6,51
401,2017-01-11T06:50,2017,1,11,6,50
402,2017-01-11T06:54,2017,1,11,6,54
403,2017-01-11T06:56,2017,1,11,6,56
404,2017-01-11T06:59,2017,1,11,6,59
405,2017-01-11T06:30,2017,1,11,6,30
406,2017-01-11T06:45,2017,1,11,6,45
407,2017-01-11T06:49,2017,1,11,6,49
408,2017-01-11T06:53,2017,1,11,6,53
409,2017-01-11T06:58,2017,1,11,6,58
410,2017-01-11T06:57,2017,1,11,6,57
411,2017-01-11T06:34,2017,1,11,6,34
412,2017-01-11T06:37,2017,1,11,6,37
413,2017-01-11T06:46,2017,1,11,6,46
414,2017-01-11T06:48,2017,1,11,6,48
415,2017-01-11T06:47,2017,1,11,6,47
416,2017-01-11T06:52,2017,1,11,6,52
417,2017-01-11T06:44,2017,1,11,6,44
418,2017-01-11T06:55,2017,1,11,6,55
419,2017-01-11T06:40,2017,1,11,6,40
420,2017-01-11T07:07,2017,1,11,7,7
421,2017-01-11T07:28,2017,1,11,7,28
422,2017-01-11T07:29,2017,1,11,7,29
423,2017-01-11T07:01,2017,1,11,7,1
424,2017-01-11T07:00,2017,1,11,7,0
425,2017-01-11T07:03,2017,1,11,7,3
426,2017-01-11T07:05,2017,1,11,7,5
427,2017-01-11T07:11,2017,1,11,7,11
428,2017-01-11T07:10,2017,1,11,7,10
429,2017-01-11T07:08,2017,1,11,7,8
430,2017-01-11T07:09,2017,1,11,7,9
431,2017-01-11T07:12,2017,1,11,7,12
432,2017-01-11T07:14,2017,1,11,7,14
433,2017-01-11T07:15,2017,1,11,7,15
434,2017-01-11T07:16,2017,1,11,7,16
435,2017-01-11T07:19,2017,1,11,7,19
436,2017-01-11T07:18,2017,1,11,7,18
437,2017-01-11T07:20,2017,1,11,7,20
438,2017-01-11T07:25,2017,1,11,7,25
439,2017-01-11T07:26,2017,1,11,7,26
440,2017-01-11T07:04,2017,1,11,7,4
441,2017-01-11T07:02,2017,1,11,7,2
442,2017-01-11T07:17,2017,1,11,7,17
443,2017-01-11T07:24,2017,1,11,7,24
444,2017-01-11T07:27,2017,1,11,7,27
445,2017-01-11T07:06,2017,1,11,7,6
446,2017-01-11T07:13,2017,1,11,7,13
447,2017-01-11T07:23,2017,1,11,7,23
448,2017-01-11T07:22,2017,1,11,7,22
449,2017-01-11T07:21,2017,1,11,7,21
450,2017-01-11T07:30,2017,1,11,7,30
451,2017-01-11T07:32,2017,1,11,7,32
452,2017-01-11T07:34,2017,1,11,7,34
453,2017-01-11T07:33,2017,1,11,7,33
454,2017-01-11T07:38,2017,1,11,7,38
455,2017-01-11T07:35,2017,1,11,7,35
456,2017-01-11T07:37,2017,1,11,7,37
457,2017-01-11T07:40,2017,1,11,7,40
458,2017-01-11T07:39,2017,1,11,7,39
459,2017-01-11T07:41,2017,1,11,7,41
460,2017-01-11T07:44,2017,1,11,7,44
461,2017-01-11T07:42,2017,1,11,7,42
462,2017-01-11T07:43,2017,1,11,7,43
463,2017-01-11T07:45,2017,1,11,7,45
464,2017-01-11T07:48,2017,1,11,7,48
465,2017-01-11T07:47,2017,1,11,7,47
466,2017-01-11T07:49,2017,1,11,7,49
467,2017-01-11T07:53,2017,1,11,7,53
468,2017-01-11T07:56,2017,1,11,7,56
469,2017-01-11T07:54,2017,1,11,7,54
470,2017-01-11T07:58,2017,1,11,7,58
471,2017-01-11T07:59,2017,1,11,7,59
472,2017-01-11T07:57,2017,1,11,7,57
473,2017-01-11T07:46,2017,1,11,7,46
474,2017-01-11T07:50,2017,1,11,7,50
475,2017-01-11T07:51,2017,1,11,7,51
476,2017-01-11T07:31,2017,1,11,7,31
477,2017-01-11T07:36,2017,1,11,7,36
478,2017-01-11T07:52,2017,1,11,7,52
479,2017-01-11T07:55,2017,1,11,7,55
480,2017-01-11T08:06,2017,1,11,8,6
481,2017-01-11T08:12,2017,1,11,8,12
482,2017-01-11T08:14,2017,1,11,8,14
483,2017-01-11T08:21,2017,1,11,8,21
484,2017-01-11T08:01,2017,1,11,8,1
485,2017-01-11T08:02,2017,1,11,8,2
486,2017-01-11T08:05,2017,1,11,8,5
487,2017-01-11T08:11,2017,1,11,8,11
488,2017-01-11T08:09,2017,1,11,8,9
489,2017-01-11T08:08,2017,1,11,8,8
490,2017-01-11T08:10,2017,1,11,8,10
491,2017-01-11T08:13,2017,1,11,8,13
492,2017-01-11T08:15,2017,1,11,8,15
493,2017-01-11T08:16,2017,1,11,8,16
494,2017-01-11T08:19,2017,1,11,8,19
495,2017-01-11T08:17,2017,1,11,8,17
496,2017-01-11T08:18,2017,1,11,8,18
497,2017-01-11T08:20,2017,1,11,8,20
498,2017-01-11T08:22,2017,1,11,8,22
499,2017-01-11T08:24,2017,1,11,8,24
500,2017-01-11T08:26,2017,1,11,8,26
501,2017-01-11T08:29,2017,1,11,8,29
502,2017-01-11T08:28,2017,1,11,8,28
503,2017-01-11T08:27,2017,1,11,8,27
504,2017-01-11T08:00,2017,1,11,8,0
505,2017-01-11T08:03,2017,1,11,8,3
506,2017-01-11T08:07,2017,1,11,8,7
507,2017-01-11T08:25,2017,1,11,8,25
508,2017-01-11T08:04,2017,1,11,8,4
509,2017-01-11T08:23,2017,1,11,8,23
510,2017-01-11T08:42,2017,1,11,8,42
511,2017-01-11T08:52,2017,1,11,8,52
512,2017-01-11T08:51,2017,1,11,8,51
513,2017-01-11T08:57,2017,1,11,8,57
514,2017-01-11T08:31,2017,1,11,8,31
515,2017-01-11T08:30,2017,1,11,8,30
516,2017-01-11T08:33,2017,1,11,8,33
517,2017-01-11T08:34,2017,1,11,8,34
518,2017-01-11T08:32,2017,1,11,8,32
519,2017-01-11T08:35,2017,1,11,8,35
520,2017-01-11T08:37,2017,1,11,8,37
521,2017-01-11T08:36,2017,1,11,8,36
522,2017-01-11T08:39,2017,1,11,8,39
523,2017-01-11T08:41,2017,1,11,8,41
524,2017-01-11T08:40,2017,1,11,8,40
525,2017-01-11T08:44,2017,1,11,8,44
526,2017-01-11T08:45,2017,1,11,8,45
527,2017-01-11T08:49,2017,1,11,8,49
528,2017-01-11T08:47,2017,1,11,8,47
529,2017-01-11T08:48,2017,1,11,8,48
530,2017-01-11T08:53,2017,1,11,8,53
531,2017-01-11T08:50,2017,1,11,8,50
532,2017-01-11T08:54,2017,1,11,8,54
533,2017-01-11T08:58,2017,1,11,8,58
534,2017-01-11T08:38,2017,1,11,8,38
535,2017-01-11T08:43,2017,1,11,8,43
536,2017-01-11T08:46,2017,1,11,8,46
537,2017-01-11T08:55,2017,1,11,8,55
538,2017-01-11T08:56,2017,1,11,8,56
539,2017-01-11T08:59,2017,1,11,8,59
540,2017-01-11T09:08,2017,1,11,9,8
541,2017-01-11T09:15,2017,1,11,9,15
542,2017-01-11T09:22,2017,1,11,9,22
543,2017-01-11T09:20,2017,1,11,9,20
544,2017-01-11T09:02,2017,1,11,9,2
545,2017-01-11T09:04,2017,1,11,9,4
546,2017-01-11T09:03,2017,1,11,9,3
547,2017-01-11T09:07,2017,1,11,9,7
548,2017-01-11T09:11,2017,1,11,9,11
549,2017-01-11T09:13,2017,1,11,9,13
550,2017-01-11T09:12,2017,1,11,9,12
551,2017-01-11T09:14,2017,1,11,9,14
552,2017-01-11T09:18,2017,1,11,9,18
553,2017-01-11T09:17,2017,1,11,9,17
554,2017-01-11T09:16,2017,1,11,9,16
555,2017-01-11T09:21,2017,1,11,9,21
556,2017-01-11T09:23,2017,1,11,9,23
557,2017-01-11T09:25,2017,1,11,9,25
558,2017-01-11T09:26,2017,1,11,9,26
559,2017-01-11T09:24,2017,1,11,9,24
560,2017-01-11T09:29,2017,1,11,9,29
561,2017-01-11T09:28,2017,1,11,9,28
562,2017-01-11T09:01,2017,1,11,9,1
563,2017-01-11T09:06,2017,1,11,9,6
564,2017-01-11T09:09,2017,1,11,9,9
565,2017-01-11T09:19,2017,1,11,9,19
566,2017-01-11T09:00,2017,1,11,9,0
567,2017-01-11T09:05,2017,1,11,9,5
568,2017-01-11T09:10,2017,1,11,9,10
569,2017-01-11T09:27,2017,1,11,9,27
570,2017-01-11T09:36,2017,1,11,9,36
571,2017-01-11T09:38,2017,1,11,9,38
572,2017-01-11T09:43,2017,1,11,9,43
573,2017-01-11T09:30,2017,1,11,9,30
574,2017-01-11T09:31,2017,1,11,9,31
575,2017-01-11T09:32,2017,1,11,9,32
576,2017-01-11T09:33,2017,1,11,9,33
577,2017-01-11T09:35,2017,1,11,9,35
578,2017-01-11T09:34,2017,1,11,9,34
579,2017-01-11T09:37,2017,1,11,9,37
580,2017-01-11T09:40,2017,1,11,9,40
581,2017-01-11T09:41,2017,1,11,9,41
582,2017-01-11T09:39,2017,1,11,9,39
583,2017-01-11T09:44,2017,1,11,9,44
584,2017-01-11T09:42,2017,1,11,9,42
585,2017-01-11T09:46,2017,1,11,9,46
586,2017-01-11T09:48,2017,1,11,9,48
587,2017-01-11T09:47,2017,1,11,9,47
588,2017-01-11T09:49,2017,1,11,9,49
589,2017-01-11T09:52,2017,1,11,9,52
590,2017-01-11T09:50,2017,1,11,9,50
591,2017-01-11T09:55,2017,1,11,9,55
592,2017-01-11T09:54,2017,1,11,9,54
593,2017-01-11T09:56,2017,1,11,9,56
594,2017-01-11T09:58,2017,1,11,9,58
595,2017-01-11T09:59,2017,1,11,9,59
596,2017-01-11T09:51,2017,1,11,9,51
597,2017-01-11T09:53,2017,1,11,9,53
598,2017-01-11T09:57,2017,1,11,9,57
599,2017-01-11T09:45,2017,1,11,9,45
600,2017-01-11T10:08,2017,1,11,10,8
601,2017-01-11T10:16,2017,1,11,10,16
602,2017-01-11T10:18,2017,1,11,10,18
603,2017-01-11T10:19,2017,1,11,10,19
604,2017-01-11T10:00,2017,1,11,10,0
605,2017-01-11T10:01,2017,1,11,10,1
606,2017-01-11T10:03,2017,1,11,10,3
607,2017-01-11T10:02,2017,1,11,10,2
608,2017-01-11T10:04,2017,1,11,10,4
609,2017-01-11T10:05,2017,1,11,10,5
610,2017-01-11T10:07,2017,1,11,10,7
611,2017-01-11T10:06,2017,1,11,10,6
612,2017-01-11T10:10,2017,1,11,10,10
613,2017-01-11T10:09,2017,1,11,10,9
614,2017-01-11T10:11,2017,1,11,10,11
615,2017-01-11T10:13,2017,1,11,10,13
616,2017-01-11T10:12,2017,1,11,10,12
617,2017-01-11T10:14,2017,1,11,10,14
618,2017-01-11T10:15,2017,1,11,10,15
619,2017-01-11T10:17,2017,1,11,10,17
620,2017-01-11T10:20,2017,1,11,10,20
621,2017-01-11T10:21,2017,1,11,10,21
622,2017-01-11T10:22,2017,1,11,10,22
623,2017-01-11T10:24,2017,1,11,10,24
624,2017-01-11T10:25,2017,1,11,10,25
625,2017-01-11T10:26,2017,1,11,10,26
626,2017-01-11T10:23,2017,1,11,10,23
627,2017-01-11T10:28,2017,1,11,10,28
628,2017-01-11T10:29,2017,1,11,10,29
629,2017-01-11T10:27,2017,1,11,10,27
630,2017-01-11T10:30,2017,1,11,10,30
631,2017-01-11T10:33,2017,1,11,10,33
632,2017-01-11T10:31,2017,1,11,10,31
633,2017-01-11T10:32,2017,1,11,10,32
634,2017-01-11T10:34,2017,1,11,10,34
635,2017-01-11T10:35,2017,1,11,10,35
636,2017-01-11T10:38,2017,1,11,10,38
637,2017-01-11T10:37,2017,1,11,10,37
638,2017-01-11T10:36,2017,1,11,10,36
639,2017-01-11T10:40,2017,1,11,10,40
640,2017-01-11T10:39,2017,1,11,10,39
641,2017-01-11T10:42,2017,1,11,10,42
642,2017-01-11T10:44,2017,1,11,10,44
643,2017-01-11T10:43,2017,1,11,10,43
644,2017-01-11T10:45,2017,1,11,10,45
645,2017-01-11T10:46,2017,1,11,10,46
646,2017-01-11T10:49,2017,1,11,10,49
647,2017-01-11T10:48,2017,1,11,10,48
648,2017-01-11T10:47,2017,1,11,10,47
649,2017-01-11T10:50,2017,1,11,10,50
650,2017-01-11T10:51,2017,1,11,10,51
651,2017-01-11T10:52,2017,1,11,10,52
652,2017-01-11T10:53,2017,1,11,10,53
653,2017-01-11T10:54,2017,1,11,10,54
654,2017-01-11T10:55,2017,1,11,10,55
655,2017-01-11T10:58,2017,1,11,10,58
656,2017-01-11T10:57,2017,1,11,10,57
657,2017-01-11T10:41,2017,1,11,10,41
658,2017-01-11T10:56,2017,1,11,10,56
659,2017-01-11T10:59,2017,1,11,10,59
660,2017-01-11T11:04,2017,1,11,11,4
661,2017-01-11T11:01,2017,1,11,11,1
662,2017-01-11T11:05,2017,1,11,11,5
663,2017-01-11T11:09,2017,1,11,11,9
664,2017-01-11T11:14,2017,1,11,11,14
665,2017-01-11T11:16,2017,1,11,11,16
666,2017-01-11T11:29,2017,1,11,11,29
667,2017-01-11T11:00,2017,1,11,11,0
668,2017-01-11T11:03,2017,1,11,11,3
669,2017-01-11T11:02,2017,1,11,11,2
670,2017-01-11T11:06,2017,1,11,11,6
671,2017-01-11T11:07,2017,1,11,11,7
672,2017-01-11T11:10,2017,1,11,11,10
673,2017-01-11T11:08,2017,1,11,11,8
674,2017-01-11T11:11,2017,1,11,11,11
675,2017-01-11T11:13,2017,1,11,11,13
676,2017-01-11T11:12,2017,1,11,11,12
677,2017-01-11T11:15,2017,1,11,11,15
678,2017-01-11T11:19,2017,1,11,11,19
679,2017-01-11T11:17,2017,1,11,11,17
680,2017-01-11T11:18,2017,1,11,11,18
681,2017-01-11T11:22,2017,1,11,11,22
682,2017-01-11T11:20,2017,1,11,11,20
683,2017-01-11T11:23,2017,1,11,11,23
684,2017-01-11T11:21,2017,1,11,11,21
685,2017-01-11T11:25,2017,1,11,11,25
686,2017-01-11T11:24,2017,1,11,11,24
687,2017-01-11T11:28,2017,1,11,11,28
688,2017-01-11T11:26,2017,1,11,11,26
689,2017-01-11T11:27,2017,1,11,11,27
690,2017-01-11T11:34,2017,1,11,11,34
691,2017-01-11T11:35,2017,1,11,11,35
692,2017-01-11T11:43,2017,1,11,11,43
693,2017-01-11T11:48,2017,1,11,11,48
694,2017-01-11T11:59,2017,1,11,11,59
695,2017-01-11T11:30,2017,1,11,11,30
696,2017-01-11T11:31,2017,1,11,11,31
697,2017-01-11T11:32,2017,1,11,11,32
698,2017-01-11T11:33,2017,1,11,11,33
699,2017-01-11T11:36,2017,1,11,11,36
700,2017-01-11T11:37,2017,1,11,11,37
701,2017-01-11T11:39,2017,1,11,11,39
702,2017-01-11T11:40,2017,1,11,11,40
703,2017-01-11T11:38,2017,1,11,11,38
704,2017-01-11T11:41,2017,1,11,11,41
705,2017-01-11T11:42,2017,1,11,11,42
706,2017-01-11T11:44,2017,1,11,11,44
707,2017-01-11T11:45,2017,1,11,11,45
708,2017-01-11T11:47,2017,1,11,11,47
709,2017-01-11T11:49,2017,1,11,11,49
710,2017-01-11T11:50,2017,1,11,11,50
711,2017-01-11T11:56,2017,1,11,11,56
712,2017-01-11T11:58,2017,1,11,11,58
713,2017-01-11T11:57,2017,1,11,11,57
714,2017-01-11T11:46,2017,1,11,11,46
715,2017-01-11T11:51,2017,1,11,11,51
716,2017-01-11T11:52,2017,1,11,11,52
717,2017-01-11T11:54,2017,1,11,11,54
718,2017-01-11T11:53,2017,1,11,11,53
719,2017-01-11T11:55,2017,1,11,11,55
720,2017-01-11T12:04,2017,1,11,12,4
721,2017-01-11T12:06,2017,1,11,12,6
722,2017-01-11T12:01,2017,1,11,12,1
723,2017-01-11T12:03,2017,1,11,12,3
724,2017-01-11T12:02,2017,1,11,12,2
725,2017-01-11T12:07,2017,1,11,12,7
726,2017-01-11T12:05,2017,1,11,12,5
727,2017-01-11T12:11,2017,1,11,12,11
728,2017-01-11T12:08,2017,1,11,12,8
729,2017-01-11T12:09,2017,1,11,12,9
730,2017-01-11T12:10,2017,1,11,12,10
731,2017-01-11T12:13,2017,1,11,12,13
732,2017-01-11T12:12,2017,1,11,12,12
733,2017-01-11T12:14,2017,1,11,12,14
734,2017-01-11T12:15,2017,1,11,12,15
735,2017-01-11T12:19,2017,1,11,12,19
736,2017-01-11T12:17,2017,1,11,12,17
737,2017-01-11T12:18,2017,1,11,12,18
738,2017-01-11T12:20,2017,1,11,12,20
739,2017-01-11T12:21,2017,1,11,12,21
740,2017-01-11T12:23,2017,1,11,12,23
741,2017-01-11T12:25,2017,1,11,12,25
742,2017-01-11T12:28,2017,1,11,12,28
743,2017-01-11T12:29,2017,1,11,12,29
744,2017-01-11T12:27,2017,1,11,12,27
745,2017-01-11T12:00,2017,1,11,12,0
746,2017-01-11T12:16,2017,1,11,12,16
747,2017-01-11T12:26,2017,1,11,12,26
748,2017-01-11T12:22,2017,1,11,12,22
749,2017-01-11T12:24,2017,1,11,12,24
750,2017-01-11T12:30,2017,1,11,12,30
751,2017-01-11T12:46,2017,1,11,12,46
752,2017-01-11T12:48,2017,1,11,12,48
753,2017-01-11T12:51,2017,1,11,12,51
754,2017-01-11T12:31,2017,1,11,12,31
755,2017-01-11T12:32,2017,1,11,12,32
756,2017-01-11T12:34,2017,1,11,12,34
757,2017-01-11T12:33,2017,1,11,12,33
758,2017-01-11T12:38,2017,1,11,12,38
759,2017-01-11T12:35,2017,1,11,12,35
760,2017-01-11T12:36,2017,1,11,12,36
761,2017-01-11T12:37,2017,1,11,12,37
762,2017-01-11T12:39,2017,1,11,12,39
763,2017-01-11T12:40,2017,1,11,12,40
764,2017-01-11T12:44,2017,1,11,12,44
765,2017-01-11T12:43,2017,1,11,12,43
766,2017-01-11T12:41,2017,1,11,12,41
767,2017-01-11T12:42,2017,1,11,12,42
768,2017-01-11T12:45,2017,1,11,12,45
769,2017-01-11T12:47,2017,1,11,12,47
770,2017-01-11T12:49,2017,1,11,12,49
771,2017-01-11T12:50,2017,1,11,12,50
772,2017-01-11T12:52,2017,1,11,12,52
773,2017-01-11T12:53,2017,1,11,12,53
774,2017-01-11T12:54,2017,1,11,12,54
775,2017-01-11T12:56,2017,1,11,12,56
776,2017-01-11T12:55,2017,1,11,12,55
777,2017-01-11T12:57,2017,1,11,12,57
778,2017-01-11T12:58,2017,1,11,12,58
779,2017-01-11T12:59,2017,1,11,12,59
780,2017-01-11T13:03,2017,1,11,13,3
781,2017-01-11T13:20,2017,1,11,13,20
782,2017-01-11T13:01,2017,1,11,13,1
783,2017-01-11T13:02,2017,1,11,13,2
784,2017-01-11T13:04,2017,1,11,13,4
785,2017-01-11T13:05,2017,1,11,13,5
786,2017-01-11T13:07,2017,1,11,13,7
787,2017-01-11T13:08,2017,1,11,13,8
788,2017-01-11T13:06,2017,1,11,13,6
789,2017-01-11T13:09,2017,1,11,13,9
790,2017-01-11T13:10,2017,1,11,13,10
791,2017-01-11T13:11,2017,1,11,13,11
792,2017-01-11T13:12,2017,1,11,13,12
793,2017-01-11T13:13,2017,1,11,13,13
794,2017-01-11T13:14,2017,1,11,13,14
795,2017-01-11T13:16,2017,1,11,13,16
796,2017-01-11T13:15,2017,1,11,13,15
797,2017-01-11T13:17,2017,1,11,13,17
798,2017-01-11T13:18,2017,1,11,13,18
799,2017-01-11T13:19,2017,1,11,13,19
800,2017-01-11T13:22,2017,1,11,13,22
801,2017-01-11T13:21,2017,1,11,13,21
802,2017-01-11T13:23,2017,1,11,13,23
803,2017-01-11T13:24,2017,1,11,13,24
804,2017-01-11T13:25,2017,1,11,13,25
805,2017-01-11T13:26,2017,1,11,13,26
806,2017-01-11T13:28,2017,1,11,13,28
807,2017-01-11T13:27,2017,1,11,13,27
808,2017-01-11T13:29,2017,1,11,13,29
809,2017-01-11T13:00,2017,1,11,13,0
810,2017-01-11T13:32,2017,1,11,13,32
811,2017-01-11T13:45,2017,1,11,13,45
812,2017-01-11T13:54,2017,1,11,13,54
813,2017-01-11T13:31,2017,1,11,13,31
814,2017-01-11T13:30,2017,1,11,13,30
815,2017-01-11T13:34,2017,1,11,13,34
816,2017-01-11T13:33,2017,1,11,13,33
817,2017-01-11T13:37,2017,1,11,13,37
818,2017-01-11T13:35,2017,1,11,13,35
819,2017-01-11T13:36,2017,1,11,13,36
820,2017-01-11T13:41,2017,1,11,13,41
821,2017-01-11T13:38,2017,1,11,13,38
822,2017-01-11T13:39,2017,1,11,13,39
823,2017-01-11T13:40,2017,1,11,13,40
824,2017-01-11T13:42,2017,1,11,13,42
825,2017-01-11T13:44,2017,1,11,13,44
826,2017-01-11T13:43,2017,1,11,13,43
827,2017-01-11T13:46,2017,1,11,13,46
828,2017-01-11T13:47,2017,1,11,13,47
829,2017-01-11T13:48,2017,1,11,13,48
830,2017-01-11T13:49,2017,1,11,13,49
831,2017-01-11T13:52,2017,1,11,13,52
832,2017-01-11T13:53,2017,1,11,13,53
833,2017-01-11T13:51,2017,1,11,13,51
834,2017-01-11T13:50,2017,1,11,13,50
835,2017-01-11T13:55,2017,1,11,13,55
836,2017-01-11T13:56,2017,1,11,13,56
837,2017-01-11T13:57,2017,1,11,13,57
838,2017-01-11T13:59,2017,1,11,13,59
839,2017-01-11T13:58,2017,1,11,13,58
840,2017-01-11T14:01,2017,1,11,14,1
841,2017-01-11T14:00,2017,1,11,14,0
842,2017-01-11T14:02,2017,1,11,14,2
843,2017-01-11T14:03,2017,1,11,14,3
844,2017-01-11T14:08,2017,1,11,14,8
845,2017-01-11T14:04,2017,1,11,14,4
846,2017-01-11T14:07,2017,1,11,14,7
847,2017-01-11T14:06,2017,1,11,14,6
848,2017-01-11T14:05,2017,1,11,14,5
849,2017-01-11T14:10,2017,1,11,14,10
850,2017-01-11T14:09,2017,1,11,14,9
851,2017-01-11T14:11,2017,1,11,14,11
852,2017-01-11T14:13,2017,1,11,14,13
853,2017-01-11T14:14,2017,1,11,14,14
854,2017-01-11T14:12,2017,1,11,14,12
855,2017-01-11T14:15,2017,1,11,14,15
856,2017-01-11T14:16,2017,1,11,14,16
857,2017-01-11T14:17,2017,1,11,14,17
858,2017-01-11T14:18,2017,1,11,14,18
859,2017-01-11T14:19,2017,1,11,14,19
860,2017-01-11T14:21,2017,1,11,14,21
861,2017-01-11T14:20,2017,1,11,14,20
862,2017-01-11T14:22,2017,1,11,14,22
863,2017-01-11T14:23,2017,1,11,14,23
864,2017-01-11T14:24,2017,1,11,14,24
865,2017-01-11T14:26,2017,1,11,14,26
866,2017-01-11T14:25,2017,1,11,14,25
867,2017-01-11T14:27,2017,1,11,14,27
868,2017-01-11T14:28,2017,1,11,14,28
869,2017-01-11T14:29,2017,1,11,14,29
870,2017-01-11T14:39,2017,1,11,14,39
871,2017-01-11T14:50,2017,1,11,14,50
872,2017-01-11T14:30,2017,1,11,14,30
873,2017-01-11T14:31,2017,1,11,14,31
874,2017-01-11T14:32,2017,1,11,14,32
875,2017-01-11T14:34,2017,1,11,14,34
876,2017-01-11T14:33,2017,1,11,14,33
877,2017-01-11T14:35,2017,1,11,14,35
878,2017-01-11T14:37,2017,1,11,14,37
879,2017-01-11T14:36,2017,1,11,14,36
880,2017-01-11T14:41,2017,1,11,14,41
881,2017-01-11T14:38,2017,1,11,14,38
882,2017-01-11T14:40,2017,1,11,14,40
883,2017-01-11T14:43,2017,1,11,14,43
884,2017-01-11T14:42,2017,1,11,14,42
885,2017-01-11T14:44,2017,1,11,14,44
886,2017-01-11T14:45,2017,1,11,14,45
887,2017-01-11T14:46,2017,1,11,14,46
888,2017-01-11T14:47,2017,1,11,14,47
889,2017-01-11T14:49,2017,1,11,14,49
890,2017-01-11T14:48,2017,1,11,14,48
891,2017-01-11T14:52,2017,1,11,14,52
892,2017-01-11T14:51,2017,1,11,14,51
893,2017-01-11T14:54,2017,1,11,14,54
894,2017-01-11T14:56,2017,1,11,14,56
895,2017-01-11T14:53,2017,1,11,14,53
896,2017-01-11T14:55,2017,1,11,14,55
897,2017-01-11T14:59,2017,1,11,14,59
898,2017-01-11T14:57,2017,1,11,14,57
899,2017-01-11T14:58,2017,1,11,14,58
900,2017-01-11T15:10,2017,1,11,15,10
901,2017-01-11T15:19,2017,1,11,15,19
902,2017-01-11T15:23,2017,1,11,15,23
903,2017-01-11T15:00,2017,1,11,15,0
904,2017-01-11T15:01,2017,1,11,15,1
905,2017-01-11T15:03,2017,1,11,15,3
906,2017-01-11T15:02,2017,1,11,15,2
907,2017-01-11T15:04,2017,1,11,15,4
908,2017-01-11T15:07,2017,1,11,15,7
909,2017-01-11T15:08,2017,1,11,15,8
910,2017-01-11T15:06,2017,1,11,15,6
911,2017-01-11T15:05,2017,1,11,15,5
912,2017-01-11T15:11,2017,1,11,15,11
913,2017-01-11T15:09,2017,1,11,15,9
914,2017-01-11T15:12,2017,1,11,15,12
915,2017-01-11T15:13,2017,1,11,15,13
916,2017-01-11T15:14,2017,1,11,15,14
917,2017-01-11T15:15,2017,1,11,15,15
918,2017-01-11T15:16,2017,1,11,15,16
919,2017-01-11T15:18,2017,1,11,15,18
920,2017-01-11T15:17,2017,1,11,15,17
921,2017-01-11T15:21,2017,1,11,15,21
922,2017-01-11T15:22,2017,1,11,15,22
923,2017-01-11T15:20,2017,1,11,15,20
924,2017-01-11T15:25,2017,1,11,15,25
925,2017-01-11T15:24,2017,1,11,15,24
926,2017-01-11T15:26,2017,1,11,15,26
927,2017-01-11T15:27,2017,1,11,15,27
928,2017-01-11T15:29,2017,1,11,15,29
929,2017-01-11T15:28,2017,1,11,15,28
930,2017-01-11T15:43,2017,1,11,15,43
931,2017-01-11T15:46,2017,1,11,15,46
932,2017-01-11T15:58,2017,1,11,15,58
933,2017-01-11T15:31,2017,1,11,15,31
934,2017-01-11T15:30,2017,1,11,15,30
935,2017-01-11T15:34,2017,1,11,15,34
936,2017-01-11T15:32,2017,1,11,15,32
937,2017-01-11T15:33,2017,1,11,15,33
938,2017-01-11T15:35,2017,1,11,15,35
939,2017-01-11T15:36,2017,1,11,15,36
940,2017-01-11T15:38,2017,1,11,15,38
941,2017-01-11T15:37,2017,1,11,15,37
942,2017-01-11T15:39,2017,1,11,15,39
943,2017-01-11T15:40,2017,1,11,15,40
944,2017-01-11T15:41,2017,1,11,15,41
945,2017-01-11T15:42,2017,1,11,15,42
946,2017-01-11T15:44,2017,1,11,15,44
947,2017-01-11T15:45,2017,1,11,15,45
948,2017-01-11T15:47,2017,1,11,15,47
949,2017-01-11T15:48,2017,1,11,15,48
950,2017-01-11T15:49,2017,1,11,15,49
951,2017-01-11T15:51,2017,1,11,15,51
952,2017-01-11T15:50,2017,1,11,15,50
953,2017-01-11T15:52,2017,1,11,15,52
954,2017-01-11T15:53,2017,1,11,15,53
955,2017-01-11T15:56,2017,1,11,15,56
956,2017-01-11T15:55,2017,1,11,15,55
957,2017-01-11T15:54,2017,1,11,15,54
958,2017-01-11T15:57,2017,1,11,15,57
959,2017-01-11T15:59,2017,1,11,15,59
960,2017-01-11T16:15,2017,1,11,16,15
961,2017-01-11T16:19,2017,1,11,16,19
962,2017-01-11T16:20,2017,1,11,16,20
963,2017-01-11T16:22,2017,1,11,16,22
964,2017-01-11T16:23,2017,1,11,16,23
965,2017-01-11T16:01,2017,1,11,16,1
966,2017-01-11T16:00,2017,1,11,16,0
967,2017-01-11T16:04,2017,1,11,16,4
968,2017-01-11T16:03,2017,1,11,16,3
969,2017-01-11T16:02,2017,1,11,16,2
970,2017-01-11T16:05,2017,1,11,16,5
971,2017-01-11T16:06,2017,1,11,16,6
972,2017-01-11T16:07,2017,1,11,16,7
973,2017-01-11T16:10,2017,1,11,16,10
974,2017-01-11T16:11,2017,1,11,16,11
975,2017-01-11T16:09,2017,1,11,16,9
976,2017-01-11T16:08,2017,1,11,16,8
977,2017-01-11T16:12,2017,1,11,16,12
978,2017-01-11T16:13,2017,1,11,16,13
979,2017-01-11T16:16,2017,1,11,16,16
980,2017-01-11T16:18,2017,1,11,16,18
981,2017-01-11T16:17,2017,1,11,16,17
982,2017-01-11T16:21,2017,1,11,16,21
983,2017-01-11T16:24,2017,1,11,16,24
984,2017-01-11T16:25,2017,1,11,16,25
985,2017-01-11T16:26,2017,1,11,16,26
986,2017-01-11T16:29,2017,1,11,16,29
987,2017-01-11T16:28,2017,1,11,16,28
988,2017-01-11T16:27,2017,1,11,16,27
989,2017-01-11T16:14,2017,1,11,16,14
990,2017-01-11T16:37,2017,1,11,16,37
991,2017-01-11T16:49,2017,1,11,16,49
992,2017-01-11T16:52,2017,1,11,16,52
993,2017-01-11T16:55,2017,1,11,16,55
994,2017-01-11T16:30,2017,1,11,16,30
995,2017-01-11T16:31,2017,1,11,16,31
996,2017-01-11T16:34,2017,1,11,16,34
997,2017-01-11T16:32,2017,1,11,16,32
998,2017-01-11T16:33,2017,1,11,16,33
999,2017-01-11T16:35,2017,1,11,16,35
1000,2017-01-11T16:38,2017,1,11,16,38
1001,2017-01-11T16:39,2017,1,11,16,39
1002,2017-01-11T16:40,2017,1,11,16,40
1003,2017-01-11T16:41,2017,1,11,16,41
1004,2017-01-11T16:42,2017,1,11,16,42
1005,2017-01-11T16:43,2017,1,11,16,43
1006,2017-01-11T16:44,2017,1,11,16,44
1007,2017-01-11T16:46,2017,1,11,16,46
1008,2017-01-11T16:45,2017,1,11,16,45
1009,2017-01-11T16:47,2017,1,11,16,47
1010,2017-01-11T16:48,2017,1,11,16,48
1011,2017-01-11T16:50,2017,1,11,16,50
1012,2017-01-11T16:51,2017,1,11,16,51
1013,2017-01-11T16:53,2017,1,11,16,53
1014,2017-01-11T16:54,2017,1,11,16,54
1015,2017-01-11T16:56,2017,1,11,16,56
1016,2017-01-11T16:58,2017,1,11,16,58
1017,2017-01-11T16:59,2017,1,11,16,59
1018,2017-01-11T16:36,2017,1,11,16,36
1019,2017-01-11T16:57,2017,1,11,16,57
1020,2017-01-11T17:06,2017,1,11,17,6
1021,2017-01-11T17:10,2017,1,11,17,10
1022,2017-01-11T17:15,2017,1,11,17,15
1023,2017-01-11T17:03,2017,1,11,17,3
1024,2017-01-11T17:02,2017,1,11,17,2
1025,2017-01-11T17:00,2017,1,11,17,0
1026,2017-01-11T17:01,2017,1,11,17,1
1027,2017-01-11T17:04,2017,1,11,17,4
1028,2017-01-11T17:05,2017,1,11,17,5
1029,2017-01-11T17:07,2017,1,11,17,7
1030,2017-01-11T17:08,2017,1,11,17,8
1031,2017-01-11T17:11,2017,1,11,17,11
1032,2017-01-11T17:09,2017,1,11,17,9
1033,2017-01-11T17:14,2017,1,11,17,14
1034,2017-01-11T17:13,2017,1,11,17,13
1035,2017-01-11T17:12,2017,1,11,17,12
1036,2017-01-11T17:16,2017,1,11,17,16
1037,2017-01-11T17:18,2017,1,11,17,18
1038,2017-01-11T17:17,2017,1,11,17,17
1039,2017-01-11T17:19,2017,1,11,17,19
1040,2017-01-11T17:20,2017,1,11,17,20
1041,2017-01-11T17:22,2017,1,11,17,22
1042,2017-01-11T17:23,2017,1,11,17,23
1043,2017-01-11T17:21,2017,1,11,17,21
1044,2017-01-11T17:26,2017,1,11,17,26
1045,2017-01-11T17:25,2017,1,11,17,25
1046,2017-01-11T17:24,2017,1,11,17,24
1047,2017-01-11T17:28,2017,1,11,17,28
1048,2017-01-11T17:27,2017,1,11,17,27
1049,2017-01-11T17:29,2017,1,11,17,29
1050,2017-01-11T17:36,2017,1,11,17,36
1051,2017-01-11T17:38,2017,1,11,17,38
1052,2017-01-11T17:31,2017,1,11,17,31
1053,2017-01-11T17:30,2017,1,11,17,30
1054,2017-01-11T17:32,2017,1,11,17,32
1055,2017-01-11T17:33,2017,1,11,17,33
1056,2017-01-11T17:34,2017,1,11,17,34
1057,2017-01-11T17:37,2017,1,11,17,37
1058,2017-01-11T17:35,2017,1,11,17,35
1059,2017-01-11T17:41,2017,1,11,17,41
1060,2017-01-11T17:39,2017,1,11,17,39
1061,2017-01-11T17:44,2017,1,11,17,44
1062,2017-01-11T17:43,2017,1,11,17,43
1063,2017-01-11T17:46,2017,1,11,17,46
1064,2017-01-11T17:45,2017,1,11,17,45
1065,2017-01-11T17:49,2017,1,11,17,49
1066,2017-01-11T17:47,2017,1,11,17,47
1067,2017-01-11T17:48,2017,1,11,17,48
1068,2017-01-11T17:51,2017,1,11,17,51
1069,2017-01-11T17:53,2017,1,11,17,53
1070,2017-01-11T17:50,2017,1,11,17,50
1071,2017-01-11T17:52,2017,1,11,17,52
1072,2017-01-11T17:54,2017,1,11,17,54
1073,2017-01-11T17:56,2017,1,11,17,56
1074,2017-01-11T17:55,2017,1,11,17,55
1075,2017-01-11T17:58,2017,1,11,17,58
1076,2017-01-11T17:59,2017,1,11,17,59
1077,2017-01-11T17:40,2017,1,11,17,40
1078,2017-01-11T17:57,2017,1,11,17,57
1079,2017-01-11T17:42,2017,1,11,17,42
1080,2017-01-11T18:00,2017,1,11,18,0
1081,2017-01-11T18:21,2017,1,11,18,21
1082,2017-01-11T18:01,2017,1,11,18,1
1083,2017-01-11T18:03,2017,1,11,18,3
1084,2017-01-11T18:02,2017,1,11,18,2
1085,2017-01-11T18:04,2017,1,11,18,4
1086,2017-01-11T18:06,2017,1,11,18,6
1087,2017-01-11T18:08,2017,1,11,18,8
1088,2017-01-11T18:05,2017,1,11,18,5
1089,2017-01-11T18:07,2017,1,11,18,7
1090,2017-01-11T18:09,2017,1,11,18,9
1091,2017-01-11T18:10,2017,1,11,18,10
1092,2017-01-11T18:12,2017,1,11,18,12
1093,2017-01-11T18:14,2017,1,11,18,14
1094,2017-01-11T18:13,2017,1,11,18,13
1095,2017-01-11T18:16,2017,1,11,18,16
1096,2017-01-11T18:15,2017,1,11,18,15
1097,2017-01-11T18:17,2017,1,11,18,17
1098,2017-01-11T18:18,2017,1,11,18,18
1099,2017-01-11T18:19,2017,1,11,18,19
1100,2017-01-11T18:23,2017,1,11,18,23
1101,2017-01-11T18:20,2017,1,11,18,20
1102,2017-01-11T18:22,2017,1,11,18,22
1103,2017-01-11T18:25,2017,1,11,18,25
1104,2017-01-11T18:26,2017,1,11,18,26
1105,2017-01-11T18:24,2017,1,11,18,24
1106,2017-01-11T18:27,2017,1,11,18,27
1107,2017-01-11T18:28,2017,1,11,18,28
1108,2017-01-11T18:11,2017,1,11,18,11
1109,2017-01-11T18:29,2017,1,11,18,29
1110,2017-01-11T18:46,2017,1,11,18,46
1111,2017-01-11T18:50,2017,1,11,18,50
1112,2017-01-11T18:30,2017,1,11,18,30
1113,2017-01-11T18:31,2017,1,11,18,31
1114,2017-01-11T18:32,2017,1,11,18,32
1115,2017-01-11T18:34,2017,1,11,18,34
1116,2017-01-11T18:35,2017,1,11,18,35
1117,2017-01-11T18:43,2017,1,11,18,43
1118,2017-01-11T18:45,2017,1,11,18,45
1119,2017-01-11T18:47,2017,1,11,18,47
1120,2017-01-11T18:53,2017,1,11,18,53
1121,2017-01-11T18:54,2017,1,11,18,54
1122,2017-01-11T18:59,2017,1,11,18,59
1123,2017-01-11T18:58,2017,1,11,18,58
1124,2017-01-11T18:33,2017,1,11,18,33
1125,2017-01-11T18:36,2017,1,11,18,36
1126,2017-01-11T18:41,2017,1,11,18,41
1127,2017-01-11T18:42,2017,1,11,18,42
1128,2017-01-11T18:48,2017,1,11,18,48
1129,2017-01-11T18:51,2017,1,11,18,51
1130,2017-01-11T18:38,2017,1,11,18,38
1131,2017-01-11T18:40,2017,1,11,18,40
1132,2017-01-11T18:39,2017,1,11,18,39
1133,2017-01-11T18:44,2017,1,11,18,44
1134,2017-01-11T18:55,2017,1,11,18,55
1135,2017-01-11T18:57,2017,1,11,18,57
1136,2017-01-11T18:37,2017,1,11,18,37
1137,2017-01-11T18:49,2017,1,11,18,49
1138,2017-01-11T18:52,2017,1,11,18,52
1139,2017-01-11T18:56,2017,1,11,18,56
1140,2017-01-11T19:07,2017,1,11,19,7
1141,2017-01-11T19:22,2017,1,11,19,22
1142,2017-01-11T19:01,2017,1,11,19,1
1143,2017-01-11T19:04,2017,1,11,19,4
1144,2017-01-11T19:03,2017,1,11,19,3
1145,2017-01-11T19:02,2017,1,11,19,2
1146,2017-01-11T19:05,2017,1,11,19,5
1147,2017-01-11T19:11,2017,1,11,19,11
1148,2017-01-11T19:10,2017,1,11,19,10
1149,2017-01-11T19:09,2017,1,11,19,9
1150,2017-01-11T19:13,2017,1,11,19,13
1151,2017-01-11T19:12,2017,1,11,19,12
1152,2017-01-11T19:18,2017,1,11,19,18
1153,2017-01-11T19:16,2017,1,11,19,16
1154,2017-01-11T19:17,2017,1,11,19,17
1155,2017-01-11T19:20,2017,1,11,19,20
1156,2017-01-11T19:26,2017,1,11,19,26
1157,2017-01-11T19:24,2017,1,11,19,24
1158,2017-01-11T19:23,2017,1,11,19,23
1159,2017-01-11T19:06,2017,1,11,19,6
1160,2017-01-11T19:08,2017,1,11,19,8
1161,2017-01-11T19:14,2017,1,11,19,14
1162,2017-01-11T19:15,2017,1,11,19,15
1163,2017-01-11T19:19,2017,1,11,19,19
1164,2017-01-11T19:21,2017,1,11,19,21
1165,2017-01-11T19:27,2017,1,11,19,27
1166,2017-01-11T19:00,2017,1,11,19,0
1167,2017-01-11T19:25,2017,1,11,19,25
1168,2017-01-11T19:29,2017,1,11,19,29
1169,2017-01-11T19:28,2017,1,11,19,28
1170,2017-01-11T19:37,2017,1,11,19,37
1171,2017-01-11T19:34,2017,1,11,19,34
1172,2017-01-11T19:32,2017,1,11,19,32
1173,2017-01-11T19:36,2017,1,11,19,36
1174,2017-01-11T19:35,2017,1,11,19,35
1175,2017-01-11T19:41,2017,1,11,19,41
1176,2017-01-11T19:40,2017,1,11,19,40
1177,2017-01-11T19:42,2017,1,11,19,42
1178,2017-01-11T19:43,2017,1,11,19,43
1179,2017-01-11T19:44,2017,1,11,19,44
1180,2017-01-11T19:45,2017,1,11,19,45
1181,2017-01-11T19:49,2017,1,11,19,49
1182,2017-01-11T19:52,2017,1,11,19,52
1183,2017-01-11T19:51,2017,1,11,19,51
1184,2017-01-11T19:56,2017,1,11,19,56
1185,2017-01-11T19:55,2017,1,11,19,55
1186,2017-01-11T19:59,2017,1,11,19,59
1187,2017-01-11T19:33,2017,1,11,19,33
1188,2017-01-11T19:38,2017,1,11,19,38
1189,2017-01-11T19:48,2017,1,11,19,48
1190,2017-01-11T19:53,2017,1,11,19,53
1191,2017-01-11T19:54,2017,1,11,19,54
1192,2017-01-11T19:31,2017,1,11,19,31
1193,2017-01-11T19:47,2017,1,11,19,47
1194,2017-01-11T19:46,2017,1,11,19,46
1195,2017-01-11T19:50,2017,1,11,19,50
1196,2017-01-11T19:58,2017,1,11,19,58
1197,2017-01-11T19:57,2017,1,11,19,57
1198,2017-01-11T19:30,2017,1,11,19,30
1199,2017-01-11T19:39,2017,1,11,19,39
1200,2017-01-11T20:26,2017,1,11,20,26
1201,2017-01-11T20:03,2017,1,11,20,3
1202,2017-01-11T20:02,2017,1,11,20,2
1203,2017-01-11T20:07,2017,1,11,20,7
1204,2017-01-11T20:06,2017,1,11,20,6
1205,2017-01-11T20:05,2017,1,11,20,5
1206,2017-01-11T20:14,2017,1,11,20,14
1207,2017-01-11T20:13,2017,1,11,20,13
1208,2017-01-11T20:11,2017,1,11,20,11
1209,2017-01-11T20:15,2017,1,11,20,15
1210,2017-01-11T20:18,2017,1,11,20,18
1211,2017-01-11T20:22,2017,1,11,20,22
1212,2017-01-11T20:21,2017,1,11,20,21
1213,2017-01-11T20:23,2017,1,11,20,23
1214,2017-01-11T20:20,2017,1,11,20,20
1215,2017-01-11T20:09,2017,1,11,20,9
1216,2017-01-11T20:08,2017,1,11,20,8
1217,2017-01-11T20:10,2017,1,11,20,10
1218,2017-01-11T20:12,2017,1,11,20,12
1219,2017-01-11T20:17,2017,1,11,20,17
1220,2017-01-11T20:24,2017,1,11,20,24
1221,2017-01-11T20:00,2017,1,11,20,0
1222,2017-01-11T20:04,2017,1,11,20,4
1223,2017-01-11T20:01,2017,1,11,20,1
1224,2017-01-11T20:16,2017,1,11,20,16
1225,2017-01-11T20:19,2017,1,11,20,19
1226,2017-01-11T20:25,2017,1,11,20,25
1227,2017-01-11T20:28,2017,1,11,20,28
1228,2017-01-11T20:27,2017,1,11,20,27
1229,2017-01-11T20:29,2017,1,11,20,29
1230,2017-01-11T20:31,2017,1,11,20,31
1231,2017-01-11T20:52,2017,1,11,20,52
1232,2017-01-11T20:55,2017,1,11,20,55
1233,2017-01-11T20:30,2017,1,11,20,30
1234,2017-01-11T20:32,2017,1,11,20,32
1235,2017-01-11T20:34,2017,1,11,20,34
1236,2017-01-11T20:36,2017,1,11,20,36
1237,2017-01-11T20:35,2017,1,11,20,35
1238,2017-01-11T20:39,2017,1,11,20,39
1239,2017-01-11T20:40,2017,1,11,20,40
1240,2017-01-11T20:44,2017,1,11,20,44
1241,2017-01-11T20:42,2017,1,11,20,42
1242,2017-01-11T20:43,2017,1,11,20,43
1243,2017-01-11T20:41,2017,1,11,20,41
1244,2017-01-11T20:46,2017,1,11,20,46
1245,2017-01-11T20:45,2017,1,11,20,45
1246,2017-01-11T20:47,2017,1,11,20,47
1247,2017-01-11T20:48,2017,1,11,20,48
1248,2017-01-11T20:49,2017,1,11,20,49
1249,2017-01-11T20:50,2017,1,11,20,50
1250,2017-01-11T20:51,2017,1,11,20,51
1251,2017-01-11T20:53,2017,1,11,20,53
1252,2017-01-11T20:54,2017,1,11,20,54
1253,2017-01-11T20:56,2017,1,11,20,56
1254,2017-01-11T20:58,2017,1,11,20,58
1255,2017-01-11T20:57,2017,1,11,20,57
1256,2017-01-11T20:59,2017,1,11,20,59
1257,2017-01-11T20:33,2017,1,11,20,33
1258,2017-01-11T20:37,2017,1,11,20,37
1259,2017-01-11T20:38,2017,1,11,20,38
1260,2017-01-11T21:04,2017,1,11,21,4
1261,2017-01-11T21:07,2017,1,11,21,7
1262,2017-01-11T21:05,2017,1,11,21,5
1263,2017-01-11T21:11,2017,1,11,21,11
1264,2017-01-11T21:25,2017,1,11,21,25
1265,2017-01-11T21:26,2017,1,11,21,26
1266,2017-01-11T21:01,2017,1,11,21,1
1267,2017-01-11T21:03,2017,1,11,21,3
1268,2017-01-11T21:06,2017,1,11,21,6
1269,2017-01-11T21:08,2017,1,11,21,8
1270,2017-01-11T21:14,2017,1,11,21,14
1271,2017-01-11T21:13,2017,1,11,21,13
1272,2017-01-11T21:16,2017,1,11,21,16
1273,2017-01-11T21:15,2017,1,11,21,15
1274,2017-01-11T21:17,2017,1,11,21,17
1275,2017-01-11T21:18,2017,1,11,21,18
1276,2017-01-11T21:19,2017,1,11,21,19
1277,2017-01-11T21:22,2017,1,11,21,22
1278,2017-01-11T21:20,2017,1,11,21,20
1279,2017-01-11T21:21,2017,1,11,21,21
1280,2017-01-11T21:23,2017,1,11,21,23
1281,2017-01-11T21:24,2017,1,11,21,24
1282,2017-01-11T21:29,2017,1,11,21,29
1283,2017-01-11T21:27,2017,1,11,21,27
1284,2017-01-11T21:00,2017,1,11,21,0
1285,2017-01-11T21:02,2017,1,11,21,2
1286,2017-01-11T21:12,2017,1,11,21,12
1287,2017-01-11T21:28,2017,1,11,21,28
1288,2017-01-11T21:09,2017,1,11,21,9
1289,2017-01-11T21:10,2017,1,11,21,10
1290,2017-01-11T21:38,2017,1,11,21,38
1291,2017-01-11T21:30,2017,1,11,21,30
1292,2017-01-11T21:33,2017,1,11,21,33
1293,2017-01-11T21:32,2017,1,11,21,32
1294,2017-01-11T21:37,2017,1,11,21,37
1295,2017-01-11T21:35,2017,1,11,21,35
1296,2017-01-11T21:40,2017,1,11,21,40
1297,2017-01-11T21:41,2017,1,11,21,41
1298,2017-01-11T21:44,2017,1,11,21,44
1299,2017-01-11T21:43,2017,1,11,21,43
1300,2017-01-11T21:52,2017,1,11,21,52
1301,2017-01-11T21:51,2017,1,11,21,51
1302,2017-01-11T21:53,2017,1,11,21,53
1303,2017-01-11T21:55,2017,1,11,21,55
1304,2017-01-11T21:56,2017,1,11,21,56
1305,2017-01-11T21:31,2017,1,11,21,31
1306,2017-01-11T21:36,2017,1,11,21,36
1307,2017-01-11T21:46,2017,1,11,21,46
1308,2017-01-11T21:48,2017,1,11,21,48
1309,2017-01-11T21:47,2017,1,11,21,47
1310,2017-01-11T21:57,2017,1,11,21,57
1311,2017-01-11T21:58,2017,1,11,21,58
1312,2017-01-11T21:34,2017,1,11,21,34
1313,2017-01-11T21:39,2017,1,11,21,39
1314,2017-01-11T21:42,2017,1,11,21,42
1315,2017-01-11T21:45,2017,1,11,21,45
1316,2017-01-11T21:49,2017,1,11,21,49
1317,2017-01-11T21:50,2017,1,11,21,50
1318,2017-01-11T21:54,2017,1,11,21,54
1319,2017-01-11T21:59,2017,1,11,21,59
1320,2017-01-11T22:05,2017,1,11,22,5
1321,2017-01-11T22:13,2017,1,11,22,13
1322,2017-01-11T22:16,2017,1,11,22,16
1323,2017-01-11T22:00,2017,1,11,22,0
1324,2017-01-11T22:01,2017,1,11,22,1
1325,2017-01-11T22:02,2017,1,11,22,2
1326,2017-01-11T22:04,2017,1,11,22,4
1327,2017-01-11T22:08,2017,1,11,22,8
1328,2017-01-11T22:10,2017,1,11,22,10
1329,2017-01-11T22:09,2017,1,11,22,9
1330,2017-01-11T22:18,2017,1,11,22,18
1331,2017-01-11T22:17,2017,1,11,22,17
1332,2017-01-11T22:20,2017,1,11,22,20
1333,2017-01-11T22:21,2017,1,11,22,21
1334,2017-01-11T22:29,2017,1,11,22,29
1335,2017-01-11T22:27,2017,1,11,22,27
1336,2017-01-11T22:07,2017,1,11,22,7
1337,2017-01-11T22:11,2017,1,11,22,11
1338,2017-01-11T22:14,2017,1,11,22,14
1339,2017-01-11T22:19,2017,1,11,22,19
1340,2017-01-11T22:26,2017,1,11,22,26
1341,2017-01-11T22:03,2017,1,11,22,3
1342,2017-01-11T22:06,2017,1,11,22,6
1343,2017-01-11T22:12,2017,1,11,22,12
1344,2017-01-11T22:15,2017,1,11,22,15
1345,2017-01-11T22:22,2017,1,11,22,22
1346,2017-01-11T22:23,2017,1,11,22,23
1347,2017-01-11T22:24,2017,1,11,22,24
1348,2017-01-11T22:25,2017,1,11,22,25
1349,2017-01-11T22:28,2017,1,11,22,28
1350,2017-01-11T22:33,2017,1,11,22,33
1351,2017-01-11T22:40,2017,1,11,22,40
1352,2017-01-11T22:55,2017,1,11,22,55
1353,2017-01-11T22:31,2017,1,11,22,31
1354,2017-01-11T22:34,2017,1,11,22,34
1355,2017-01-11T22:32,2017,1,11,22,32
1356,2017-01-11T22:36,2017,1,11,22,36
1357,2017-01-11T22:35,2017,1,11,22,35
1358,2017-01-11T22:41,2017,1,11,22,41
1359,2017-01-11T22:38,2017,1,11,22,38
1360,2017-01-11T22:39,2017,1,11,22,39
1361,2017-01-11T22:42,2017,1,11,22,42
1362,2017-01-11T22:43,2017,1,11,22,43
1363,2017-01-11T22:44,2017,1,11,22,44
1364,2017-01-11T22:46,2017,1,11,22,46
1365,2017-01-11T22:45,2017,1,11,22,45
1366,2017-01-11T22:53,2017,1,11,22,53
1367,2017-01-11T22:50,2017,1,11,22,50
1368,2017-01-11T22:52,2017,1,11,22,52
1369,2017-01-11T22:51,2017,1,11,22,51
1370,2017-01-11T22:56,2017,1,11,22,56
1371,2017-01-11T22:54,2017,1,11,22,54
1372,2017-01-11T22:57,2017,1,11,22,57
1373,2017-01-11T22:59,2017,1,11,22,59
1374,2017-01-11T22:58,2017,1,11,22,58
1375,2017-01-11T22:30,2017,1,11,22,30
1376,2017-01-11T22:37,2017,1,11,22,37
1377,2017-01-11T22:48,2017,1,11,22,48
1378,2017-01-11T22:47,2017,1,11,22,47
1379,2017-01-11T22:49,2017,1,11,22,49
1380,2017-01-11T23:00,2017,1,11,23,0
1381,2017-01-11T23:01,2017,1,11,23,1
1382,2017-01-11T23:07,2017,1,11,23,7
1383,2017-01-11T23:08,2017,1,11,23,8
1384,2017-01-11T23:06,2017,1,11,23,6
1385,2017-01-11T23:09,2017,1,11,23,9
1386,2017-01-11T23:10,2017,1,11,23,10
1387,2017-01-11T23:11,2017,1,11,23,11
1388,2017-01-11T23:14,2017,1,11,23,14
1389,2017-01-11T23:13,2017,1,11,23,13
1390,2017-01-11T23:12,2017,1,11,23,12
1391,2017-01-11T23:15,2017,1,11,23,15
1392,2017-01-11T23:16,2017,1,11,23,16
1393,2017-01-11T23:17,2017,1,11,23,17
1394,2017-01-11T23:22,2017,1,11,23,22
1395,2017-01-11T23:23,2017,1,11,23,23
1396,2017-01-11T23:20,2017,1,11,23,20
1397,2017-01-11T23:24,2017,1,11,23,24
1398,2017-01-11T23:26,2017,1,11,23,26
1399,2017-01-11T23:25,2017,1,11,23,25
1400,2017-01-11T23:28,2017,1,11,23,28
1401,2017-01-11T23:29,2017,1,11,23,29
1402,2017-01-11T23:27,2017,1,11,23,27
1403,2017-01-11T23:03,2017,1,11,23,3
1404,2017-01-11T23:02,2017,1,11,23,2
1405,2017-01-11T23:05,2017,1,11,23,5
1406,2017-01-11T23:19,2017,1,11,23,19
1407,2017-01-11T23:04,2017,1,11,23,4
1408,2017-01-11T23:21,2017,1,11,23,21
1409,2017-01-11T23:18,2017,1,11,23,18
1410,2017-01-11T23:30,2017,1,11,23,30
1411,2017-01-11T23:36,2017,1,11,23,36
1412,2017-01-11T23:35,2017,1,11,23,35
1413,2017-01-11T23:38,2017,1,11,23,38
1414,2017-01-11T23:40,2017,1,11,23,40
1415,2017-01-11T23:39,2017,1,11,23,39
1416,2017-01-11T23:41,2017,1,11,23,41
1417,2017-01-11T23:44,2017,1,11,23,44
1418,2017-01-11T23:42,2017,1,11,23,42
1419,2017-01-11T23:43,2017,1,11,23,43
1420,2017-01-11T23:46,2017,1,11,23,46
1421,2017-01-11T23:45,2017,1,11,23,45
1422,2017-01-11T23:48,2017,1,11,23,48
1423,2017-01-11T23:47,2017,1,11,23,47
1424,2017-01-11T23:49,2017,1,11,23,49
1425,2017-01-11T23:50,2017,1,11,23,50
1426,2017-01-11T23:52,2017,1,11,23,52
1427,2017-01-11T23:53,2017,1,11,23,53
1428,2017-01-11T23:54,2017,1,11,23,54
1429,2017-01-11T23:58,2017,1,11,23,58
1430,2017-01-11T23:57,2017,1,11,23,57
1431,2017-01-11T23:31,2017,1,11,23,31
1432,2017-01-11T23:37,2017,1,11,23,37
1433,2017-01-11T23:51,2017,1,11,23,51
1434,2017-01-11T23:56,2017,1,11,23,56
1435,2017-01-11T23:59,2017,1,11,23,59
1436,2017-01-11T23:33,2017,1,11,23,33
1437,2017-01-11T23:32,2017,1,11,23,32
1438,2017-01-11T23:34,2017,1,11,23,34
1439,2017-01-11T23:55,2017,1,11,23,55
